FindFF,State
word of mouth,florida
internet search,new york
reddit,north carolina
word of mouth,california
internet search,california
word of mouth,not in US
word of mouth,california
facebook,oklahoma
unique,michigan
internet search,unknown
don't remember,west virginia
internet search,new york
reddit,iowa
internet search,iowa
reddit,maryland
internet search,delaware
reddit,washington
don't remember,not in US
facebook,massachusetts
internet search,oregon
internet search,california
internet search,virginia
reddit,not in US
don't remember,unknown
reddit,virginia
unknown,not in US
don't remember,california
reddit,unknown
word of mouth,ohio
don't remember,virginia
reddit,maryland
word of mouth,not in US
internet search,maryland
reddit,tennessee
word of mouth,california
internet search,connecticut
word of mouth,not in US
internet search,unknown
internet search,new york
word of mouth,virginia
reddit,california
word of mouth,colorado
don't remember,arizona
word of mouth,california
word of mouth,unknown
word of mouth,washington
don't remember,california
internet search,maryland
internet search,not in US
reddit,michigan
reddit,illinois
word of mouth,unknown
reddit,wisconsin
don't remember,massachusetts
facebook,missouri
word of mouth,colorado
don't remember,unknown
word of mouth,unknown
word of mouth,unknown
facebook,unknown
internet search,not in US
reddit,unknown
reddit,maryland
reddit,not in US
reddit,california
reddit,arizona
internet search,washington
instagram,new jersey
word of mouth,illinois
word of mouth,california
reddit,north carolina
word of mouth,california
internet search,pennsylvania
app store,california
don't remember,oklahoma
reddit,north carolina
internet search,unknown
app store,north carolina
word of mouth,unknown
word of mouth,unknown
internet search,massachusetts
internet search,unknown
app store,unknown
word of mouth,pennsylvania
internet search,virginia
word of mouth,not in US
word of mouth,illinois
internet search,not in US
word of mouth,oregon
internet search,unknown
word of mouth,utah
internet search,unknown
word of mouth,louisiana
reddit,new york
reddit,oregon
don't remember,new york
word of mouth,michigan
reddit,colorado
don't remember,not in US
twitter (x),california
reddit,indiana
internet search,unknown
word of mouth,not in US
word of mouth,california
don't remember,district of columbia
don't remember,illinois
facebook,maryland
reddit,maryland
tumblr,minnesota
word of mouth,washington
word of mouth,unknown
internet search,tennessee
don't remember,unknown
word of mouth,south carolina
internet search,not in US
word of mouth,new york
reddit,michigan
facebook,louisiana
word of mouth,indiana
internet search,unknown
word of mouth,maryland
word of mouth,unknown
internet search,not in US
tumblr,unknown
don't remember,ohio
podcast,washington
unique,maryland
word of mouth,colorado
internet search,utah
reddit,unknown
internet search,new york
unique,oregon
reddit,unknown
reddit,california
word of mouth,unknown
facebook,michigan
internet search,unknown
unknown,illinois
podcast,ohio
internet search,california
word of mouth,colorado
word of mouth,utah
word of mouth,ohio
internet search,unknown
internet search,unknown
internet search,unknown
word of mouth,not in US
word of mouth,unknown
word of mouth,virginia
reddit,virginia
